transaction_id,merchant,amount,currency,payment_method,status,transaction_time
TXN100523,,10180.78,EUR,upi , failed,2026-04-07 05:32:01
TXN100602, Amazon ,44380.46,inr,Debit Card, failed,2026-05-31 04:36:01
TXN100526, Amazon ,24172.88,inr,Net Banking, failed,2026-04-29 07:01:01
TXN100031,Zomato,18193.58,USD,Net Banking,PENDING,2026-04-06 07:44:01
TXN100616,Amazon,5317.26,,upi ,SUCCESS,2026-06-01 23:41:01
TXN100585,Flipkart,28651.53,,Debit Card, failed,2026-04-18 13:10:01
TXN100444,Swiggy,26272.69,INR,UPI,SUCCESS,2026-05-07 01:26:01
TXN100732,Zomato,9063.56,USD,Net Banking,FAILED,2026-06-11 17:22:01
TXN100076,Amazon,4614.75,EUR,upi ,UNKNOWN,07-06-2026 12:18:01
TXN100411,,5580.1,USD,Debit Card,UNKNOWN,2026-05-11 19:20:01
TXN100568,,29860.33,EUR,UPI,PENDING,2026-04-16 00:41:01
TXN100070,Flipkart,25274.57,INR,upi ,SUCCESS,19-05-2026 02:48:01
TXN100675,Amazon,6439.01,inr,Wallet,UNKNOWN,2026-04-11 04:17:01
TXN100101,Paytm,32058.18,,Credit Card, failed,2026-05-30 06:15:01
TXN100894, Amazon ,-29234.23,EUR,UPI,FAILED,2026-05-31 17:10:02
TXN100925,Flipkart,20586.69,EUR,UPI,UNKNOWN,2026-05-31 14:12:02
TXN100629,Paytm,25432.96,INR,Debit Card,FAILED,2026-06-12 22:51:01
TXN100299,Paytm,35533.26,EUR,Debit Card, failed,2026-04-07 08:36:01
TXN100924,Zomato,-33638.26,INR,UPI,FAILED,2026-04-21 11:06:02
TXN100424,Paytm,30602.41,INR,upi ,UNKNOWN,2026-06-10 12:35:01
TXN100096, Amazon ,48625.87,USD,Credit Card,success ,2026-04-25 09:13:01
TXN100900,Flipkart,11773.01,USD,Net Banking,FAILED,2026-04-25 14:14:02
TXN100260,Zomato,29340.57,inr,Debit Card,UNKNOWN,2026-05-20 05:43:01
TXN100350,Swiggy,25598.84,,Wallet, failed,2026-04-10 00:05:01
TXN100528,Flipkart,8719.57,inr,UPI,PENDING,2026-05-15 14:28:01
TXN100694, Amazon ,-40481.96,USD,Wallet,PENDING,2026-06-12 19:57:01
TXN100361, Amazon ,44624.5,EUR,Net Banking,UNKNOWN,2026-06-06 04:34:01
TXN100611,Paytm,46756.51,inr,upi ,success ,2026-05-15 15:36:01
TXN100884,Amazon,36610.46,USD,UPI,UNKNOWN,2026-05-17 22:45:02
TXN100720,,36349.48,EUR,Debit Card,FAILED,2026-05-27 12:53:01
TXN100486,Amazon,44923.27,,UPI, failed,2026-04-05 14:32:01
TXN100693,Amazon,-6116.56,,Credit Card,success ,2026-05-12 22:18:01
TXN100465,Flipkart,22362.01,inr,Debit Card,SUCCESS,2026-05-01 00:40:01
TXN100809, Amazon ,49887.5,USD,upi ,success ,2026-05-23 22:25:02
TXN100408,Swiggy,7115.3,EUR,Net Banking, failed,2026-04-30 08:49:01
TXN100740,Flipkart,27666.4,inr,UPI,FAILED,2026-05-04 23:01:01
TXN100213,Flipkart,1126.84,inr,Credit Card,PENDING,2026-06-06 01:50:01
TXN100589,Amazon,47599.81,INR,Debit Card,FAILED,2026-05-20 11:28:01
TXN100365,Amazon,38413.37,,UPI,UNKNOWN,2026-06-09 14:35:01
TXN100199,,18627.81,,Credit Card,SUCCESS,2026-05-06 06:43:01
TXN100636,Flipkart,40348.85,INR,Wallet,SUCCESS,2026-04-21 23:04:01
TXN100628,Amazon,18382.19,INR,upi ,SUCCESS,09-06-2026 07:36:01
TXN100828,Flipkart,48225.77,,UPI,UNKNOWN,2026-05-06 05:04:02
TXN100352,,39398.73,,UPI, failed,2026-04-30 14:19:01
TXN100329,Paytm,12942.11,INR,Net Banking, failed,17-04-2026 03:17:01
TXN100981,Amazon,1603.49,USD,Credit Card,PENDING,2026-05-20 10:56:02
TXN100837,Paytm,7774.4,inr,Net Banking,UNKNOWN,2026-06-05 23:36:02
TXN100244,Swiggy,40279.51,USD,Debit Card,PENDING,2026-05-21 07:10:01
TXN100286,Paytm,27355.47,inr,Net Banking, failed,2026-06-11 03:36:01
TXN100289,,15272.54,INR,upi ,UNKNOWN,26-04-2026 04:16:01
TXN100598,Flipkart,44054.96,,Wallet,PENDING,2026-06-03 03:22:01
TXN100761,Swiggy,5944.69,EUR,UPI,PENDING,2026-05-22 13:06:02
TXN100059,Paytm,36163.64,EUR,UPI,PENDING,2026-06-10 02:33:01
TXN100622,Swiggy,40222.5,inr,UPI,success ,10-06-2026 12:11:01
TXN100318,,48185.29,EUR,Credit Card,UNKNOWN,2026-06-01 04:45:01
TXN100010,Zomato,35693.89,INR,upi ,SUCCESS,2026-05-11 12:07:01
TXN100237, Amazon ,47264.42,EUR,Net Banking,success ,2026-05-13 01:42:01
TXN100331,Paytm,26723.58,inr,UPI, failed,2026-05-30 09:37:01
TXN100705,Flipkart,4535.41,EUR,Credit Card,UNKNOWN,2026-06-10 13:51:01
TXN100086,Flipkart,5582.9,INR,upi ,FAILED,2026-06-07 22:21:01
TXN100803,Flipkart,16166.47,INR,upi ,FAILED,2026-06-09 22:10:02
TXN100174,,44114.7,INR,UPI,SUCCESS,2026-06-12 19:03:01
TXN100312,,28859.29,,Net Banking,SUCCESS,2026-04-29 01:52:01
TXN100462, Amazon ,24876.67,inr,upi ,SUCCESS,2026-06-11 21:23:01
TXN100218,,5977.84,EUR,Credit Card,PENDING,2026-04-09 23:37:01
TXN100030,Swiggy,3266.14,USD,Debit Card,PENDING,2026-05-25 00:22:01
TXN100547,Amazon,45143.97,INR,Wallet,SUCCESS,2026-04-26 10:06:01
TXN100664,Zomato,41169.32,USD,upi ,success ,2026-04-25 19:03:01
TXN100054,Paytm,28734.53,INR,Net Banking, failed,2026-04-11 19:22:01
TXN100023,Paytm,34032.79,INR,upi , failed,2026-05-26 05:19:01
TXN100256,Amazon,4365.48,USD,upi ,PENDING,2026-05-06 20:31:01
TXN100450,Swiggy,15669.39,,Net Banking,success ,2026-05-27 12:02:01
TXN100003,Zomato,3849.09,inr,Credit Card,PENDING,2026-04-16 22:44:01
TXN100833,Amazon,2633.36,inr,Wallet,SUCCESS,2026-04-30 20:11:02
TXN100552, Amazon ,19884.94,EUR,Credit Card,,08-05-2026 11:20:01
TXN100638,Swiggy,43454.52,INR,Wallet,FAILED,2026-04-16 16:09:01
TXN100477,,19570.17,USD,Credit Card,PENDING,2026-05-19 16:24:01
TXN100956, Amazon ,9365.16,inr,Wallet, failed,2026-04-20 05:38:02
TXN100662, Amazon ,37020.94,USD,Net Banking,FAILED,2026-05-27 15:55:01
TXN100518,,22252.02,USD,Net Banking, failed,27-04-2026 17:26:01
TXN100960,Flipkart,41552.33,EUR,Debit Card,SUCCESS,31-05-2026 22:38:02
TXN100953,Zomato,,INR,Credit Card, failed,2026-05-08 18:14:02
TXN100979,Flipkart,11738.71,INR,UPI,PENDING,2026-05-25 00:32:02
TXN100575,Zomato,2357.18,inr,Wallet,FAILED,2026-04-19 12:44:01
TXN100539,Amazon,40508.12,USD,upi , failed,2026-05-03 01:40:01
TXN100215,Flipkart,46632.9,EUR,UPI, failed,2026-05-28 22:37:01
TXN100737,,28301.25,INR,Credit Card,SUCCESS,2026-05-11 01:02:01
TXN100998,Swiggy,,inr,Net Banking,UNKNOWN,2026-05-14 16:53:02
TXN100713,Swiggy,6639.34,,Wallet, failed,2026-05-22 18:47:01
TXN100667, Amazon ,2310.22,inr,Debit Card,PENDING,2026-06-09 11:38:01
TXN100039,,18824.37,EUR,upi ,PENDING,2026-04-18 17:16:01
TXN100231,Flipkart,885.92,EUR,Debit Card,PENDING,26-04-2026 13:23:01
TXN100494,Flipkart,38994.51,EUR,Net Banking,FAILED,2026-04-22 06:18:01
TXN100704,Zomato,26450.48,EUR,Net Banking,PENDING,2026-05-19 15:50:01
TXN100967,Zomato,,USD,UPI,UNKNOWN,2026-04-08 09:46:02
TXN100066,Swiggy,1296.53,inr,Wallet,success ,2026-06-03 22:12:01
TXN100294,Flipkart,354.8,,upi ,UNKNOWN,2026-04-21 08:25:01
TXN100067,Flipkart,7633.46,,Wallet,PENDING,2026-05-07 21:56:01
TXN100479,Flipkart,36486.3,inr,upi ,FAILED,2026-04-30 03:13:01
TXN100328,Swiggy,22150.52,INR,Wallet,success ,2026-05-15 23:52:01
TXN100279,Amazon,-48133.8,,Net Banking,SUCCESS,2026-05-04 08:06:01
TXN100107, Amazon ,,EUR,Wallet,SUCCESS,05-05-2026 23:30:01
TXN100983,Flipkart,30044.27,,Credit Card,PENDING,2026-04-07 16:53:02
TXN100346,Amazon,19910.14,EUR,Credit Card,PENDING,2026-04-25 23:38:01
TXN100298,Swiggy,29515.96,EUR,UPI,PENDING,2026-05-26 08:14:01
TXN100643,Swiggy,34767.0,,Credit Card,PENDING,2026-05-24 14:00:01
TXN100307,Paytm,60.4,USD,Wallet,FAILED,2026-04-27 04:09:01
TXN100854,Zomato,20861.6,,Wallet, failed,2026-04-09 12:07:02
TXN100506,Paytm,32029.28,USD,UPI,success ,2026-06-09 16:32:01
TXN100296,Paytm,23403.19,INR,Net Banking,FAILED,2026-06-01 22:59:01
TXN100880,Amazon,27776.74,inr,Credit Card, failed,2026-04-22 02:42:02
TXN100666,Swiggy,22583.3,USD,Net Banking,PENDING,2026-06-10 10:09:01
TXN100100,Swiggy,42447.71,INR,Debit Card,PENDING,2026-05-29 01:45:01
TXN100088,Flipkart,31914.22,,upi ,success ,2026-06-04 17:17:01
TXN100063,Zomato,45865.77,INR,UPI,SUCCESS,15-04-2026 05:13:01
TXN100843,,16091.95,INR,upi ,FAILED,2026-05-31 15:07:02
TXN100888,Amazon,2641.38,INR,upi ,PENDING,2026-06-03 17:48:02
TXN100139,Flipkart,19513.26,EUR,Net Banking, failed,2026-05-21 10:00:01
TXN100757,Amazon,-12777.16,,upi ,success ,2026-04-27 21:00:02
TXN100615,Swiggy,22500.25,INR,upi ,FAILED,2026-05-26 01:31:01
TXN100499,,3613.87,INR,upi ,UNKNOWN,2026-04-27 17:55:01
TXN100665,Paytm,46648.76,USD,Wallet,PENDING,2026-04-24 22:41:01
TXN100584,Paytm,33652.78,inr,Credit Card,success ,07-06-2026 22:38:01
TXN100109,Paytm,39831.56,USD,Wallet,success ,2026-05-30 21:07:01
TXN100916,Flipkart,29200.37,USD,upi ,FAILED,2026-04-30 01:04:02
TXN100650,Swiggy,7049.43,inr,Wallet,PENDING,2026-05-09 16:24:01
TXN100533,Flipkart,6461.31,USD,Credit Card,success ,2026-04-24 07:37:01
TXN100445,Swiggy,27628.91,,Net Banking, failed,25-04-2026 19:02:01
TXN100605,Swiggy,41064.75,USD,Wallet, failed,2026-05-07 08:15:01
TXN100136,Amazon,10908.31,INR,Net Banking,FAILED,2026-06-11 05:48:01
TXN100811,Swiggy,44819.71,EUR,Net Banking,PENDING,2026-06-09 11:58:02
TXN100514,,8419.98,EUR,upi ,success ,2026-04-17 20:03:01
TXN100753,Zomato,33184.89,,Net Banking,success ,2026-05-08 10:23:02
TXN100158, Amazon ,29560.84,inr,Debit Card, failed,2026-05-28 20:26:01
TXN100310,Swiggy,4787.36,USD,Wallet,FAILED,2026-05-12 05:54:01
TXN100327,Swiggy,45108.89,,Credit Card,FAILED,2026-06-11 07:55:01
TXN100668,Flipkart,3875.49,inr,upi ,FAILED,2026-05-29 18:40:01
TXN100935,Zomato,14447.4,inr,Credit Card,success ,2026-05-06 12:13:02
TXN100254,Paytm,28074.1,EUR,Debit Card,success ,2026-05-28 22:21:01
TXN100275,,10168.47,USD,Wallet,success ,07-06-2026 21:47:01
TXN100901, Amazon ,7476.34,inr,UPI,SUCCESS,2026-05-26 13:48:02
TXN100184, Amazon ,13795.42,EUR,Credit Card,FAILED,2026-06-09 04:14:01
TXN100582, Amazon ,34985.23,INR,Net Banking,PENDING,2026-05-10 11:44:01
TXN100660,Swiggy,28073.88,inr,upi ,FAILED,2026-05-03 10:21:01
TXN100896,,29411.0,EUR,Wallet,success ,2026-05-11 00:57:02
TXN100209,Zomato,16728.74,INR,Wallet, failed,2026-05-04 10:14:01
TXN100168,Amazon,-32766.12,,Credit Card, failed,2026-04-10 21:46:01
TXN100866, Amazon ,10744.7,USD,upi , failed,2026-05-14 17:26:02
TXN100280,Amazon,18303.04,inr,Credit Card,FAILED,2026-04-26 13:36:01
TXN100116,Swiggy,14643.75,EUR,Net Banking,UNKNOWN,2026-06-02 14:28:01
TXN100541,Flipkart,13268.39,EUR,Credit Card,SUCCESS,2026-05-19 10:57:01
TXN100055,Swiggy,18730.53,inr,Net Banking,SUCCESS,2026-05-18 16:49:01
TXN100120,Amazon,45654.19,EUR,upi ,PENDING,2026-05-07 01:56:01
TXN100554,Swiggy,28755.52,USD,UPI,PENDING,2026-04-07 10:06:01
TXN100025,Flipkart,35561.5,inr,upi ,PENDING,2026-05-08 17:28:01
TXN100072,,3740.36,USD,upi ,PENDING,2026-06-08 04:21:01
TXN100538, Amazon ,44519.87,EUR,Credit Card,PENDING,28-04-2026 14:11:01
TXN100044, Amazon ,26672.26,EUR,Debit Card,UNKNOWN,2026-05-30 05:13:01
TXN100497,Flipkart,14535.54,inr,Net Banking, failed,22-04-2026 11:07:01
TXN100198,Flipkart,7521.17,EUR,Credit Card,success ,2026-04-19 01:56:01
TXN100377,Flipkart,15402.6,USD,Debit Card,UNKNOWN,2026-04-09 22:05:01
TXN100314, Amazon ,32781.22,EUR,upi ,success ,2026-06-04 02:46:01
TXN100718, Amazon ,48675.81,inr,Debit Card,,2026-06-04 03:14:01
TXN100208,Zomato,15814.62,inr,Debit Card,PENDING,2026-05-12 14:34:01
TXN100721,Flipkart,31590.26,INR,Debit Card,FAILED,2026-05-16 13:29:01
TXN100918,Amazon,21975.04,EUR,Credit Card,FAILED,2026-05-13 12:51:02
TXN100535,Paytm,973.24,EUR,upi ,FAILED,2026-04-16 00:28:01
TXN100695,Amazon,14605.09,,Debit Card,success ,2026-05-19 23:51:01
TXN100604,Zomato,8804.08,USD,Wallet,FAILED,2026-04-22 13:27:01
TXN100590,Swiggy,26618.25,,Debit Card,SUCCESS,2026-05-23 13:35:01
TXN100290,Zomato,26976.39,EUR,UPI,UNKNOWN,2026-04-16 15:40:01
TXN100959,Flipkart,47224.3,USD,upi ,SUCCESS,2026-04-14 19:33:02
TXN100332,Zomato,7024.36,inr,Net Banking, failed,2026-06-05 08:00:01
TXN100210,Flipkart,41503.43,EUR,upi ,FAILED,2026-06-13 00:32:01
TXN100342,Amazon,34818.06,EUR,Wallet,success ,2026-05-22 00:25:01
TXN100060,Flipkart,8767.3,EUR,Net Banking,SUCCESS,2026-05-27 16:54:01
TXN100344,Swiggy,30193.36,USD,Wallet,success ,2026-06-01 17:51:01
TXN100890,Zomato,13371.07,inr,Debit Card,UNKNOWN,2026-05-17 09:14:02
TXN100711,Zomato,18512.03,EUR,upi ,PENDING,2026-04-25 04:39:01
TXN100467,Zomato,18539.05,,Net Banking,success ,2026-06-06 08:09:01
TXN100423, Amazon ,42847.78,EUR,Net Banking,PENDING,2026-04-15 10:34:01
TXN100259,Paytm,6247.77,,UPI, failed,2026-05-26 06:41:01
TXN100780,Flipkart,-1162.27,INR,Wallet,success ,2026-05-01 04:49:02
TXN100405,Swiggy,235.17,INR,Net Banking,UNKNOWN,31-05-2026 20:38:01
TXN100788,Zomato,39157.04,INR,Credit Card,PENDING,2026-04-14 10:46:02
TXN100767, Amazon ,42273.8,,upi ,UNKNOWN,2026-04-28 02:15:02
TXN100483, Amazon ,1460.13,,Net Banking,UNKNOWN,2026-05-01 23:34:01
TXN100530,Flipkart,7360.85,EUR,Net Banking,SUCCESS,2026-05-05 19:43:01
TXN100810,Flipkart,4451.15,,upi ,PENDING,2026-06-01 07:45:02
TXN100999, Amazon ,39604.04,USD,upi ,FAILED,2026-06-04 04:19:02
TXN100966,Swiggy,45413.01,USD,Credit Card,PENDING,17-04-2026 19:32:02
TXN100110,Paytm,49767.82,INR,Net Banking,UNKNOWN,29-05-2026 08:42:01
TXN100995,Amazon,5645.69,inr,Net Banking,FAILED,2026-05-03 10:07:02
TXN100558,,27911.36,EUR,upi ,FAILED,10-05-2026 15:35:01
TXN100793,,40588.73,USD,Debit Card, failed,2026-05-10 14:23:02
TXN100936,Swiggy,30163.34,USD,UPI, failed,2026-05-05 19:40:02
TXN100919,Swiggy,17006.65,inr,Debit Card,FAILED,01-05-2026 15:50:02
TXN100942,Zomato,19305.44,USD,UPI,PENDING,2026-05-30 03:19:02
TXN100319,Amazon,7669.38,inr,UPI,FAILED,2026-06-10 02:28:01
TXN100516,Swiggy,20744.28,inr,Wallet,PENDING,2026-04-06 19:44:01
TXN100449, Amazon ,40853.87,inr,UPI, failed,2026-04-26 12:20:01
TXN100783,Swiggy,23225.27,USD,upi ,FAILED,2026-05-29 02:52:02
TXN100593,,10176.39,inr,Wallet,success ,2026-04-12 05:59:01
TXN100909,Flipkart,-16187.41,INR,Credit Card,PENDING,2026-04-06 11:24:02
TXN100743,Amazon,-43266.54,,Net Banking, failed,10-05-2026 16:55:01
TXN100137,,37800.87,EUR,Net Banking, failed,03-06-2026 13:03:01
TXN100799,Swiggy,17904.19,EUR,UPI,UNKNOWN,2026-05-06 17:28:02
TXN100933,,17162.48,EUR,Wallet,PENDING,2026-04-23 02:34:02
TXN100822,Paytm,46375.44,INR,Credit Card,SUCCESS,2026-05-20 03:37:02
TXN100765,Flipkart,14128.14,inr,Net Banking,FAILED,2026-06-04 03:56:02
TXN100261,Amazon,12082.1,INR,UPI,SUCCESS,2026-06-13 03:37:01
TXN100567,Amazon,32849.57,inr,Credit Card,success ,2026-06-10 13:16:01
TXN100832,,4249.69,USD,Net Banking,FAILED,2026-05-12 07:34:02
TXN100381,Paytm,19457.57,,Net Banking,UNKNOWN,2026-05-04 15:36:01
TXN100333,,16189.74,EUR,Credit Card,success ,2026-06-06 08:35:01
TXN100536,Paytm,24312.84,inr,Net Banking,SUCCESS,2026-04-30 07:17:01
TXN100351,Swiggy,-41257.23,USD,Credit Card,SUCCESS,2026-04-18 01:33:01
TXN100785,Swiggy,29896.52,USD,Debit Card, failed,2026-05-11 06:59:02
TXN100451,Swiggy,36014.07,INR,UPI, failed,2026-06-04 00:45:01
TXN100078,Zomato,-47174.63,,UPI,FAILED,2026-05-16 19:06:01
TXN100029,,1811.59,INR,Credit Card,SUCCESS,2026-05-17 14:51:01
TXN100712,Amazon,35552.07,INR,UPI,SUCCESS,2026-06-09 04:39:01
TXN100277,Flipkart,18007.47,,upi ,UNKNOWN,2026-05-26 11:31:01
TXN100247,Flipkart,-4884.06,inr,Debit Card,PENDING,2026-05-12 01:03:01
TXN100657,Zomato,29601.82,inr,Net Banking,success ,2026-04-19 16:24:01
TXN100306,Paytm,8471.8,inr,Wallet, failed,2026-05-27 18:00:01
TXN100165, Amazon ,-28951.63,EUR,Net Banking,PENDING,2026-05-26 10:42:01
TXN100816,Amazon,17173.03,USD,Credit Card,success ,2026-04-21 14:13:02
TXN100178,Flipkart,4579.72,EUR,Wallet,SUCCESS,2026-05-09 16:29:01
TXN100485,,19739.85,USD,upi ,UNKNOWN,09-06-2026 06:00:01
TXN100065,,31630.84,inr,Debit Card, failed,2026-06-01 19:51:01
TXN100141,Amazon,16895.2,,Credit Card, failed,2026-05-25 15:42:01
TXN100436,Swiggy,15443.71,EUR,UPI,SUCCESS,2026-05-07 05:53:01
TXN100522,Zomato,18108.0,USD,Credit Card,UNKNOWN,2026-05-20 21:11:01
TXN100844,Amazon,13961.8,INR,Debit Card,success ,26-05-2026 20:51:02
TXN100420, Amazon ,17352.79,EUR,UPI,FAILED,03-06-2026 09:14:01
TXN100404, Amazon ,33553.75,USD,upi , failed,12-06-2026 11:13:01
TXN100679,Paytm,22388.73,inr,upi , failed,2026-05-17 17:23:01
TXN100265,Swiggy,7040.96,EUR,Net Banking,success ,2026-06-07 04:37:01
TXN100879,Zomato,35016.43,EUR,Wallet,FAILED,2026-05-23 23:59:02
TXN100292,Zomato,9642.17,,Credit Card,FAILED,2026-05-16 01:12:01
TXN100221,Flipkart,19573.52,,upi ,UNKNOWN,2026-04-10 11:47:01
TXN100827,Zomato,30987.0,inr,UPI,success ,2026-04-10 17:51:02
TXN100235,,33982.8,EUR,Net Banking, failed,2026-05-05 05:21:01
TXN100525,,-815.61,INR,Net Banking,PENDING,2026-04-14 03:45:01
TXN100192,,8851.58,EUR,upi ,success ,2026-05-21 17:29:01
TXN100321,Amazon,15909.33,USD,Net Banking,UNKNOWN,2026-05-02 02:34:01
TXN100049,Paytm,47072.49,INR,UPI,UNKNOWN,2026-05-30 10:49:01
TXN100891,Paytm,25998.79,USD,upi ,PENDING,2026-05-30 04:20:02
TXN100002,Flipkart,41392.94,EUR,Net Banking,PENDING,2026-05-28 14:45:01
TXN100817,Swiggy,49066.72,EUR,Wallet,PENDING,2026-06-12 20:12:02
TXN100370, Amazon ,21608.93,USD,Credit Card,success ,2026-05-27 10:50:01
TXN100921,,39344.86,inr,Net Banking,success ,2026-04-25 21:55:02
TXN100249,,42447.54,,Net Banking,FAILED,2026-05-31 02:54:01
TXN100548,Amazon,11951.07,USD,upi , failed,26-04-2026 17:27:01
TXN100432,,1687.18,EUR,Wallet, failed,2026-04-18 18:25:01
TXN100249,,42447.54,,Net Banking,FAILED,2026-05-31 02:54:01
TXN100507,Amazon,49157.12,inr,Wallet,,2026-05-17 07:33:01
TXN100033,Paytm,28703.96,EUR,Wallet,UNKNOWN,2026-06-07 08:50:01
TXN100204,Swiggy,12286.98,inr,UPI, failed,2026-05-02 19:41:01
TXN100889, Amazon ,47513.03,inr,Debit Card,SUCCESS,2026-05-03 08:12:02
TXN100588, Amazon ,16255.99,INR,upi ,UNKNOWN,2026-04-11 14:18:01
TXN100730, Amazon ,8360.03,EUR,Credit Card,success ,2026-05-11 11:23:01
TXN100077,Flipkart,15533.03,INR,Credit Card,PENDING,2026-04-11 14:37:01
TXN100084,Swiggy,,EUR,Net Banking,UNKNOWN,2026-05-14 14:23:01
TXN100305,Flipkart,38320.49,USD,Debit Card,PENDING,2026-05-15 02:24:01
TXN100082,Paytm,6619.13,USD,Debit Card,success ,2026-04-06 19:00:01
TXN100448,Zomato,3422.71,,Credit Card,,2026-06-07 08:46:01
TXN100997, Amazon ,19860.48,EUR,UPI,SUCCESS,08-04-2026 20:15:02
TXN100751, Amazon ,13913.14,USD,Net Banking,UNKNOWN,2026-05-14 17:42:02
TXN100531,,3029.35,INR,UPI,success ,2026-04-27 00:27:01
TXN100323,Flipkart,36276.25,,upi ,PENDING,2026-06-09 01:46:01
TXN100495,Zomato,17436.91,INR,Net Banking,PENDING,30-04-2026 15:51:01
TXN100910,Zomato,38519.11,INR,Wallet,FAILED,2026-04-17 09:59:02
TXN100005,,-15491.81,USD,Credit Card,SUCCESS,2026-04-24 16:45:01
TXN100425,,32047.07,USD,Debit Card,SUCCESS,2026-06-04 06:12:01
TXN100490,Paytm,6425.21,inr,Debit Card,UNKNOWN,2026-06-08 21:36:01
TXN100097,Flipkart,10209.88,EUR,Credit Card,FAILED,2026-05-30 14:29:01
TXN100010,Zomato,35693.89,INR,upi ,SUCCESS,2026-05-11 12:07:01
TXN100422,Zomato,92.32,EUR,upi ,FAILED,2026-05-19 21:32:01
TXN100885,Paytm,20972.47,inr,UPI,FAILED,2026-04-09 22:05:02
TXN100281,Amazon,14972.46,inr,upi ,success ,2026-04-11 04:45:01
TXN100266,Paytm,17623.27,USD,Credit Card,FAILED,2026-06-03 03:40:01
TXN100442,Swiggy,45491.37,INR,upi , failed,2026-04-26 19:12:01
TXN100745,,13222.26,,UPI,UNKNOWN,2026-05-15 11:40:01
TXN100382,Flipkart,43735.72,,Credit Card, failed,20-05-2026 03:52:01
TXN100692,,36627.21,INR,Net Banking, failed,2026-05-14 14:06:01
TXN100893,Paytm,-9420.52,EUR,Credit Card,SUCCESS,2026-04-18 11:10:02
TXN100534,Zomato,49791.89,,Net Banking,FAILED,2026-06-08 17:13:01
TXN100118,,2065.33,EUR,Wallet,success ,2026-05-14 07:10:01
TXN100388,Swiggy,17803.86,inr,UPI,FAILED,2026-04-13 15:29:01
TXN100250,Amazon,25173.61,EUR,Net Banking, failed,2026-06-09 23:48:01
TXN100943,Swiggy,3337.51,USD,upi ,PENDING,2026-05-14 00:12:02
TXN100453,Amazon,-49948.93,INR,Credit Card,FAILED,2026-06-03 22:45:01
TXN100009,Swiggy,23627.03,inr,Wallet,UNKNOWN,2026-04-22 23:34:01
TXN100196, Amazon ,49694.35,EUR,Debit Card, failed,2026-05-01 07:26:01
TXN100618, Amazon ,38733.9,EUR,Debit Card,FAILED,2026-05-01 07:26:01
TXN100081, Amazon ,43051.57,INR,UPI,SUCCESS,2026-05-14 03:24:01
TXN100398, Amazon ,31086.04,inr,Debit Card,UNKNOWN,20-05-2026 22:16:01
TXN100501,Zomato,29007.62,INR,Net Banking,PENDING,2026-04-29 03:02:01
TXN100634,Swiggy,10466.1,EUR,Credit Card,UNKNOWN,2026-05-12 09:06:01
TXN100239, Amazon ,7952.97,,Debit Card,UNKNOWN,2026-06-05 06:58:01
TXN100309, Amazon ,,,Credit Card, failed,2026-04-24 10:16:01
TXN100211,Amazon,12519.87,EUR,Debit Card,SUCCESS,2026-04-19 18:01:01
TXN100834,Amazon,4678.47,inr,Wallet,success ,2026-04-16 00:57:02
TXN100380,Swiggy,10823.2,,Debit Card,UNKNOWN,2026-05-21 12:10:01
TXN100601,Zomato,17979.83,inr,upi ,PENDING,2026-04-07 03:57:01
TXN100227,Flipkart,24821.43,inr,Net Banking,SUCCESS,2026-06-07 16:18:01
TXN100873,Paytm,40672.61,,Wallet,success ,2026-05-07 01:09:02
TXN100359,,2382.55,USD,Credit Card,success ,2026-06-09 07:18:01
TXN100813,Flipkart,9652.09,inr,Wallet, failed,2026-04-27 16:55:02
TXN100177, Amazon ,21056.24,INR,Wallet,FAILED,2026-05-28 11:47:01
TXN100994,Zomato,39927.02,INR,Wallet, failed,2026-04-16 05:32:02
TXN100756,Flipkart,39645.9,inr,upi ,PENDING,2026-04-23 11:16:02
TXN100493, Amazon ,35486.92,,Debit Card,FAILED,2026-06-02 07:10:01
TXN100334,Flipkart,32355.69,,UPI,SUCCESS,2026-04-15 20:33:01
TXN100892,Paytm,48496.59,USD,Wallet,,2026-04-08 19:36:02
TXN100007,,36554.56,INR,UPI, failed,2026-05-12 18:12:01
TXN100155, Amazon ,5097.24,EUR,upi ,success ,2026-06-10 23:31:01
TXN100842, Amazon ,37344.07,,Credit Card,UNKNOWN,2026-04-29 18:03:02
TXN100750,Swiggy,39345.51,EUR,UPI,PENDING,2026-04-22 16:58:02
TXN100941,Amazon,17915.17,,Credit Card, failed,2026-06-07 11:24:02
TXN100482,Swiggy,3026.76,USD,Net Banking,SUCCESS,2026-04-28 04:57:01
TXN100846,Paytm,43852.78,,UPI,success ,2026-04-12 12:33:02
TXN100749,,19965.58,,Net Banking,success ,2026-05-18 01:51:02
TXN100903,Amazon,45463.74,USD,Credit Card,UNKNOWN,03-05-2026 11:59:02
TXN100591, Amazon ,21435.47,inr,upi , failed,15-04-2026 14:00:01
TXN100952,Zomato,41955.15,inr,upi ,FAILED,2026-06-07 02:43:02
TXN100580,Amazon,11164.4,,UPI,success ,2026-04-20 10:45:01
TXN100439,Zomato,30238.04,,UPI,PENDING,2026-06-07 13:49:01
TXN100542,Flipkart,25774.63,INR,Net Banking,FAILED,2026-05-01 11:03:01
TXN100596,Flipkart,40674.48,inr,Net Banking,UNKNOWN,09-06-2026 15:57:01
TXN100723,Amazon,48258.83,INR,UPI,UNKNOWN,2026-05-29 18:36:01
TXN100677,Swiggy,20365.26,inr,UPI,success ,06-06-2026 18:15:01
TXN100478,Amazon,8144.98,inr,Debit Card,PENDING,2026-05-03 16:11:01
TXN100228,Swiggy,1881.3,EUR,UPI,PENDING,2026-04-29 21:27:01
TXN100974,Swiggy,416.17,EUR,Net Banking,PENDING,2026-04-12 07:32:02
TXN100814,,7856.19,,UPI,success ,2026-06-02 21:09:02
TXN100212,Swiggy,43000.01,EUR,Net Banking, failed,2026-04-23 07:55:01
TXN100079,,11613.55,inr,Debit Card,PENDING,2026-05-20 12:36:01
TXN100148,Paytm,554.81,EUR,Debit Card,success ,2026-04-06 19:36:01
TXN100302,Swiggy,8366.68,INR,Credit Card,FAILED,2026-06-11 08:49:01
TXN100355,,45857.46,INR,UPI,FAILED,2026-05-28 07:15:01
TXN100429,Zomato,4385.19,inr,Net Banking,success ,2026-04-08 22:51:01
TXN100519,Zomato,6845.73,,UPI,success ,27-04-2026 22:11:01
TXN100362,Swiggy,24633.37,inr,UPI,UNKNOWN,2026-04-26 12:35:01
TXN100594,Zomato,31073.77,EUR,Net Banking,SUCCESS,2026-04-08 04:29:01
TXN100357,Flipkart,40830.41,EUR,UPI, failed,2026-04-08 13:02:01
TXN100133,,24401.18,INR,Credit Card, failed,2026-06-11 12:50:01
TXN100829,Zomato,31997.76,,Wallet,UNKNOWN,2026-06-05 21:50:02
TXN100311,Paytm,48279.5,EUR,Credit Card,UNKNOWN,2026-05-29 00:24:01
TXN100621,Swiggy,24671.61,EUR,upi ,FAILED,2026-05-03 23:04:01
TXN100464,,47405.49,INR,Credit Card, failed,13-04-2026 07:13:01
TXN100993,Zomato,25334.78,EUR,Wallet,SUCCESS,2026-04-29 03:16:02
TXN100000,Swiggy,33758.44,USD,Credit Card,FAILED,2026-05-31 06:05:01
TXN100316,,-41856.08,EUR,Debit Card,UNKNOWN,2026-06-12 10:37:01
TXN100722, Amazon ,7908.72,inr,Credit Card,success ,2026-06-10 15:00:01
TXN100559,Swiggy,40235.01,,Wallet,FAILED,2026-04-18 04:33:01
TXN100371,Swiggy,49234.27,inr,Net Banking,PENDING,2026-04-12 07:26:01
TXN100544,Paytm,38358.25,,Net Banking,FAILED,2026-05-10 21:19:01
TXN100849,,18592.63,INR,Wallet,PENDING,2026-05-02 19:02:02
TXN100394,Amazon,39459.5,inr,UPI, failed,2026-05-01 15:37:01
TXN100172,Paytm,36733.8,EUR,Wallet,UNKNOWN,2026-05-29 07:43:01
TXN100125,,33744.75,inr,Credit Card,FAILED,2026-06-11 23:55:01
TXN100898,Paytm,4317.39,inr,Net Banking,success ,11-05-2026 14:10:02
TXN100578,Zomato,14451.33,EUR,Net Banking,SUCCESS,2026-05-07 09:02:01
TXN100948,Swiggy,18579.27,inr,Net Banking, failed,2026-05-09 14:55:02
TXN100920,Flipkart,27881.17,INR,UPI,PENDING,2026-04-10 23:26:02
TXN100090,Flipkart,12463.05,USD,Debit Card,FAILED,2026-04-18 08:07:01
TXN100970,Swiggy,,,Credit Card,SUCCESS,2026-05-24 13:42:02
TXN100181,Swiggy,5758.24,EUR,Net Banking, failed,2026-04-08 14:18:01
TXN100363,Flipkart,47722.63,,Net Banking,PENDING,04-05-2026 15:50:01
TXN100274, Amazon ,22065.71,EUR,Net Banking,FAILED,2026-05-18 16:22:01
TXN100912,Zomato,5382.99,,Credit Card, failed,2026-05-30 23:19:02
TXN100069,Flipkart,2618.27,EUR,upi , failed,05-05-2026 01:26:01
TXN100291, Amazon ,18843.43,INR,Credit Card,success ,2026-05-28 21:06:01
TXN100131,Amazon,43420.92,INR,Debit Card,UNKNOWN,2026-04-07 04:25:01
TXN100300, Amazon ,44396.95,,Wallet,PENDING,2026-06-02 10:04:01
TXN100447,,28632.53,inr,Wallet,UNKNOWN,2026-06-09 10:30:01
TXN100326,Amazon,2140.51,INR,Wallet,PENDING,2026-05-30 06:08:01
TXN100144,Paytm,7392.28,USD,Net Banking,SUCCESS,2026-04-21 22:01:01
TXN100551,Amazon,-24448.06,USD,Debit Card,FAILED,2026-04-17 20:01:01
TXN100595, Amazon ,27458.79,USD,Wallet,FAILED,2026-05-13 05:04:01
TXN100655, Amazon ,-1544.72,inr,Net Banking, failed,2026-04-17 15:02:01
TXN100135, Amazon ,5264.54,INR,Debit Card,PENDING,2026-05-11 12:43:01
TXN100430,Swiggy,-36896.04,INR,upi ,PENDING,2026-05-09 03:19:01
TXN100164,Paytm,23083.64,inr,Debit Card,success ,2026-04-08 14:57:01
TXN100028,,6568.96,,upi ,PENDING,2026-05-15 03:29:01
TXN100587,Amazon,28685.25,INR,Credit Card,FAILED,05-04-2026 00:51:01
TXN100193,,11511.5,INR,Credit Card,UNKNOWN,2026-04-24 23:23:01
TXN100790, Amazon ,38553.97,,Credit Card,UNKNOWN,2026-04-18 18:38:02
TXN100652,Paytm,35124.79,USD,upi ,SUCCESS,25-04-2026 04:27:01
TXN100169,Amazon,22727.36,,Debit Card,success ,2026-04-25 08:01:01
TXN100513,Flipkart,49087.27,USD,UPI,SUCCESS,2026-04-20 14:51:01
TXN100140,Swiggy,42484.43,INR,Wallet,UNKNOWN,2026-04-19 12:54:01
TXN100173,,15551.19,INR,Debit Card,UNKNOWN,2026-05-07 11:02:01
TXN100006, Amazon ,18525.27,USD,Debit Card,FAILED,2026-04-05 09:09:01
TXN100656,Swiggy,2253.41,USD,Credit Card,UNKNOWN,2026-05-19 14:51:01
TXN100964,Paytm,29089.9,INR,Debit Card,PENDING,2026-04-09 09:04:02
TXN100073,Zomato,12983.0,USD,upi ,SUCCESS,2026-04-25 11:50:01
TXN100764,Amazon,34241.03,inr,upi ,FAILED,2026-05-21 07:31:02
TXN100653,Amazon,34185.45,EUR,UPI,UNKNOWN,2026-05-31 18:30:01
TXN100238,Amazon,30415.26,INR,Credit Card,FAILED,2026-04-15 13:53:01
TXN100145,Paytm,44322.3,inr,upi ,PENDING,2026-04-17 15:24:01
TXN100808,Paytm,7781.28,,Wallet,PENDING,2026-05-18 17:55:02
TXN100234,,17761.2,,Credit Card,PENDING,2026-06-12 16:25:01
TXN100220,Flipkart,15728.93,EUR,UPI,UNKNOWN,02-05-2026 01:20:01
TXN100500,Flipkart,23994.54,inr,Debit Card,FAILED,2026-05-13 03:41:01
TXN100673,Paytm,21669.85,EUR,Credit Card,FAILED,2026-04-30 14:04:01
TXN100132,Paytm,24360.28,USD,Debit Card,FAILED,20-05-2026 21:32:01
TXN100013,Flipkart,12272.64,,Net Banking,success ,2026-05-31 01:48:01
TXN100433,,2021.92,inr,Net Banking,FAILED,2026-06-09 13:38:01
TXN100670,Flipkart,38455.14,EUR,Credit Card,success ,2026-05-10 12:38:01
TXN100185,Swiggy,31014.24,inr,Net Banking,SUCCESS,2026-05-22 11:05:01
TXN100041,Amazon,48864.26,EUR,Debit Card,success ,2026-05-21 22:26:01
TXN100625, Amazon ,15748.11,inr,Net Banking,FAILED,09-06-2026 19:06:01
TXN100108,,33288.85,EUR,Net Banking, failed,2026-05-27 23:34:01
TXN100603, Amazon ,39697.2,INR,upi , failed,2026-06-03 20:29:01
TXN100056, Amazon ,38523.98,INR,Debit Card,FAILED,2026-04-10 06:13:01
TXN100428,Amazon,1080.32,inr,Net Banking,PENDING,2026-05-05 17:45:01
TXN100468,,19620.96,USD,Debit Card,SUCCESS,2026-05-20 03:47:01
TXN100576,Amazon,-29538.47,inr,Credit Card,success ,22-05-2026 13:13:01
TXN100877,Zomato,16552.15,inr,Credit Card,UNKNOWN,20-05-2026 02:07:02
TXN100024,Swiggy,43288.96,,Net Banking,PENDING,2026-06-11 00:14:01
TXN100440,,37173.97,,Credit Card,UNKNOWN,2026-04-26 05:03:01
TXN100882,Amazon,42555.76,INR,upi ,UNKNOWN,2026-06-12 12:00:02
TXN100543,Paytm,1708.9,inr,UPI,UNKNOWN,2026-06-11 13:33:01
TXN100633,,1567.85,inr,Wallet,FAILED,2026-04-20 07:27:01
TXN100830,Swiggy,47141.77,inr,Debit Card,UNKNOWN,01-06-2026 17:30:02
TXN100944,Amazon,15099.07,EUR,Net Banking,PENDING,2026-04-18 08:14:02
TXN100338,Zomato,39067.31,EUR,Wallet, failed,2026-06-01 05:38:01
TXN100051,Zomato,18168.0,,Wallet,SUCCESS,2026-06-12 06:08:01
TXN100383,Swiggy,11760.31,USD,Wallet,FAILED,2026-05-12 04:03:01
TXN100527,Zomato,-15607.16,INR,upi ,PENDING,2026-04-05 23:43:01
TXN100938, Amazon ,23360.06,inr,Credit Card,PENDING,2026-05-22 18:17:02
TXN100887,Zomato,41827.01,EUR,UPI,FAILED,2026-04-24 07:23:02
TXN100264,Swiggy,15985.06,INR,UPI,FAILED,2026-06-06 06:03:01
TXN100549,Paytm,28353.04,EUR,Net Banking,success ,2026-05-12 18:49:01
TXN100913,Paytm,28894.28,EUR,Net Banking,success ,2026-05-15 11:41:02
TXN100697,Flipkart,29182.57,INR,upi , failed,2026-04-29 00:39:01
TXN100395,Flipkart,23445.78,inr,UPI,success ,2026-04-18 17:45:01
TXN100529, Amazon ,40998.59,USD,upi ,FAILED,2026-04-26 23:12:01
TXN100868,,34224.45,INR,upi ,PENDING,2026-06-03 11:04:02
TXN100018, Amazon ,49061.56,USD,upi ,SUCCESS,2026-05-02 14:34:01
TXN100731,Zomato,24620.32,,Wallet, failed,2026-06-03 00:39:01
TXN100678,Amazon,-24475.18,INR,UPI,UNKNOWN,2026-05-23 22:30:01
TXN100581,Paytm,2106.24,,UPI,SUCCESS,2026-05-02 19:48:01
TXN100976,Amazon,3113.35,inr,Debit Card,FAILED,2026-04-18 23:28:02
TXN100367,Zomato,31014.19,EUR,Debit Card, failed,2026-05-19 11:42:01
TXN100083,Zomato,11568.5,EUR,Net Banking,UNKNOWN,2026-04-20 14:02:01
TXN100061,,31534.1,USD,Debit Card, failed,2026-06-11 02:13:01
TXN100841, Amazon ,3891.1,INR,UPI,UNKNOWN,2026-05-26 21:56:02
TXN100272,,14942.48,,upi ,,30-05-2026 01:17:01
TXN100285,Swiggy,41974.15,EUR,Net Banking,PENDING,2026-04-19 21:42:01
TXN100360,Swiggy,47350.24,INR,Debit Card, failed,2026-04-28 22:09:01
TXN100354,Swiggy,45531.68,,Wallet,PENDING,2026-05-22 11:48:01
TXN100481, Amazon ,25871.96,,Wallet,FAILED,2026-04-29 17:38:01
TXN100278,Amazon,22922.87,USD,Wallet,PENDING,2026-05-12 10:46:01
TXN100012,Zomato,18987.68,inr,Net Banking,PENDING,2026-05-02 03:57:01
TXN100182,Zomato,18199.76,inr,Net Banking,FAILED,18-05-2026 17:34:01
TXN100368,Swiggy,22273.46,INR,upi ,PENDING,23-05-2026 07:55:01
TXN100599, Amazon ,-34172.04,USD,UPI,SUCCESS,2026-05-14 15:32:01
TXN100630,Amazon,28953.14,USD,Credit Card,SUCCESS,21-04-2026 22:40:01
TXN100223, Amazon ,-22161.85,USD,Debit Card,,2026-04-06 09:10:01
TXN100971, Amazon ,24690.46,inr,UPI,FAILED,13-05-2026 13:51:02
TXN100714, Amazon ,46750.55,,UPI,PENDING,2026-05-22 04:23:01
TXN100777,,40278.25,EUR,Debit Card,SUCCESS,2026-04-25 14:02:02
TXN100557, Amazon ,-15998.14,INR,Credit Card,success ,09-06-2026 18:50:01
TXN100465,Flipkart,22362.01,inr,Debit Card,SUCCESS,2026-05-01 00:40:01
TXN100597,Swiggy,20731.59,INR,Net Banking,SUCCESS,2026-04-08 10:16:01
TXN100707,Amazon,46113.89,,upi , failed,2026-04-18 06:00:01
TXN100176,Zomato,5456.73,INR,Credit Card,FAILED,2026-04-08 15:25:01
TXN100680, Amazon ,45450.48,USD,Credit Card,SUCCESS,2026-05-21 22:06:01
TXN100853,Flipkart,11922.89,EUR,Net Banking, failed,2026-06-11 11:17:02
TXN100954,Flipkart,34079.18,EUR,Wallet,UNKNOWN,2026-04-29 12:31:02
TXN100456,Swiggy,29886.47,inr,Wallet,FAILED,2026-04-21 05:19:01
TXN100532,Paytm,46580.51,,UPI,UNKNOWN,2026-05-11 04:09:01
TXN100393,Swiggy,21879.13,inr,upi ,FAILED,2026-06-06 08:41:01
TXN100163,Flipkart,11023.0,USD,Credit Card,success ,2026-06-04 15:46:01
TXN100248,Zomato,46832.09,USD,Debit Card,success ,2026-04-06 19:08:01
TXN100649, Amazon ,28856.09,inr,Credit Card,success ,2026-05-13 16:13:01
TXN100902,Swiggy,-26060.93,,Net Banking, failed,03-06-2026 17:31:02
TXN100684,Swiggy,22016.29,INR,upi ,PENDING,2026-06-08 23:13:01
TXN100375,Amazon,1212.8,EUR,Wallet,PENDING,2026-05-30 04:44:01
TXN100412,Zomato,45427.08,inr,upi ,,2026-04-20 11:41:01
TXN100074,Flipkart,40093.67,,Credit Card, failed,2026-05-11 17:08:01
TXN100113,,20725.64,,Wallet,UNKNOWN,2026-04-09 11:09:01
TXN100583,Paytm,2909.47,inr,UPI,SUCCESS,2026-06-12 15:59:01
TXN100572,Flipkart,-42537.05,USD,upi ,SUCCESS,2026-05-19 21:33:01
TXN100390, Amazon ,7366.5,,Wallet,SUCCESS,2026-04-19 17:36:01
TXN100104,Zomato,36378.02,,Net Banking,,05-04-2026 19:58:01
TXN100114,Zomato,23985.6,,upi ,PENDING,2026-04-14 15:51:01
TXN100417,Amazon,4963.95,,Debit Card,UNKNOWN,2026-04-09 07:13:01
TXN100668,Flipkart,3875.49,inr,upi ,FAILED,2026-05-29 18:40:01
TXN100457,,-20968.03,,Credit Card,success ,26-05-2026 04:08:01
TXN100409,Flipkart,13857.13,inr,UPI,PENDING,2026-06-06 01:19:01
TXN100092,Zomato,35608.28,USD,Credit Card,UNKNOWN,2026-06-04 08:33:01
TXN100819,Flipkart,27704.22,USD,Debit Card,success ,2026-04-28 15:58:02
TXN100089,Flipkart,,,Net Banking,FAILED,2026-04-12 07:16:01
TXN100336,Amazon,-10210.15,inr,Debit Card,success ,2026-05-24 02:21:01
TXN100859,Paytm,17345.44,EUR,Debit Card,PENDING,2026-05-08 05:22:02
TXN100939,Paytm,10535.72,inr,upi ,UNKNOWN,2026-04-13 10:12:02
TXN100951,Swiggy,39945.97,inr,upi ,SUCCESS,2026-04-07 09:25:02
TXN100883,,12761.17,USD,UPI,FAILED,2026-04-13 01:22:02
TXN100620,Zomato,41092.68,inr,Net Banking,success ,2026-06-03 17:51:01
TXN100789,Flipkart,34926.39,inr,Wallet,FAILED,2026-04-28 04:41:02
TXN100626,Zomato,6899.91,EUR,Net Banking,SUCCESS,2026-06-05 18:18:01
TXN100094,Swiggy,18785.28,USD,Credit Card,FAILED,2026-05-24 07:31:01
TXN100011,Paytm,2905.33,USD,Net Banking,FAILED,2026-05-20 07:34:01
TXN100396,Swiggy,17868.44,INR,upi ,SUCCESS,2026-05-02 00:06:01
TXN100545,Zomato,12717.36,EUR,Debit Card,UNKNOWN,2026-06-02 03:51:01
TXN100043,Paytm,19730.77,USD,UPI,PENDING,2026-06-10 14:37:01
TXN100042, Amazon ,2789.49,inr,UPI, failed,2026-05-20 20:00:01
TXN100167,Zomato,39427.86,,Debit Card,success ,2026-04-27 06:48:01
TXN100416,Swiggy,-30951.39,INR,Net Banking,success ,2026-05-19 16:05:01
TXN100876,,40438.97,,upi ,FAILED,2026-06-08 17:04:02
TXN100426,Swiggy,34196.08,INR,Wallet,SUCCESS,2026-06-06 16:44:01
TXN100899,Paytm,20781.08,inr,UPI,success ,2026-05-30 04:09:02
TXN100980,Swiggy,43692.64,EUR,Credit Card,success ,2026-06-09 23:37:02
TXN100975,Swiggy,24003.07,inr,Debit Card,UNKNOWN,2026-06-05 18:29:02
TXN100687,,20614.42,INR,UPI,UNKNOWN,2026-05-27 09:37:01
TXN100257,Paytm,17902.66,EUR,UPI,PENDING,2026-04-20 01:11:01
TXN100335,Amazon,7769.68,,Wallet,FAILED,2026-05-30 21:03:01
TXN100015, Amazon ,35258.61,USD,upi ,PENDING,2026-06-09 15:03:01
TXN100644,Swiggy,29576.87,inr,Wallet,PENDING,2026-05-09 12:30:01
TXN100324,Zomato,10324.39,USD,UPI,FAILED,2026-05-02 01:11:01
TXN100774,Flipkart,1766.54,,Debit Card,SUCCESS,2026-04-19 10:52:02
TXN100222,Zomato,38543.15,INR,UPI,UNKNOWN,2026-04-17 13:19:01
TXN100179,Amazon,47733.28,,Debit Card,SUCCESS,2026-04-20 12:24:01
TXN100764,Amazon,34241.03,inr,upi ,FAILED,2026-05-21 07:31:02
TXN100521, Amazon ,1450.06,INR,Wallet,,2026-06-03 22:36:01
TXN100022,Swiggy,46876.17,inr,Credit Card,success ,2026-06-08 07:23:01
TXN100356,Amazon,39471.12,,UPI,success ,2026-04-19 02:25:01
TXN100961,Amazon,,EUR,UPI,success ,18-05-2026 16:15:02
TXN100905,Flipkart,4943.9,inr,upi ,UNKNOWN,2026-04-26 11:26:02
TXN100340,Amazon,6395.91,INR,UPI,success ,2026-06-05 03:47:01
TXN100431,Swiggy,-29462.0,EUR,upi ,SUCCESS,12-04-2026 00:42:01
TXN100773,Zomato,14419.92,inr,Wallet,UNKNOWN,2026-04-12 09:05:02
TXN100850, Amazon ,,inr,Debit Card,FAILED,2026-05-07 16:45:02
TXN100203,Zomato,34163.5,USD,Credit Card,FAILED,2026-05-26 23:45:01
TXN100917,Paytm,-43004.75,INR,upi ,SUCCESS,2026-04-13 23:20:02
TXN100093, Amazon ,45826.24,inr,Credit Card,PENDING,2026-05-31 20:02:01
TXN100570,Flipkart,834.43,,Debit Card,success ,2026-05-11 14:32:01
TXN100068,Paytm,32293.91,INR,Net Banking,UNKNOWN,2026-05-02 01:17:01
TXN100754,Zomato,26507.78,USD,upi ,FAILED,2026-06-09 00:42:02
TXN100284,Zomato,4173.87,INR,Debit Card,SUCCESS,2026-06-06 20:32:01
TXN100927,Paytm,13481.31,INR,Debit Card,PENDING,2026-04-14 12:33:02
TXN100434,Zomato,15986.93,inr,Wallet,SUCCESS,2026-04-17 00:20:01
TXN100153,Zomato,34509.82,inr,upi ,PENDING,2026-06-03 23:32:01
TXN100075,Swiggy,41793.29,inr,Wallet,UNKNOWN,2026-06-02 01:58:01
TXN100746,Zomato,2330.15,,Net Banking,SUCCESS,2026-06-03 10:23:01
TXN100446,Zomato,26865.4,USD,Wallet,UNKNOWN,2026-05-22 04:50:01
TXN100188,Flipkart,14212.05,inr,Net Banking,SUCCESS,2026-05-15 13:51:01
TXN100271,Zomato,19276.82,,Wallet,SUCCESS,2026-04-14 03:40:01
TXN100236,Flipkart,48699.75,USD,Wallet, failed,2026-04-16 04:15:01
TXN100487,Swiggy,41499.47,INR,Wallet,PENDING,2026-04-22 10:04:01
TXN100117, Amazon ,30715.1,USD,Wallet,SUCCESS,2026-05-01 10:45:01
TXN100835,Zomato,20425.26,INR,Wallet, failed,2026-04-05 13:41:02
TXN100512,,27292.56,EUR,Net Banking,success ,2026-06-12 07:49:01
TXN100131,Amazon,43420.92,INR,Debit Card,UNKNOWN,2026-04-07 04:25:01
TXN100685,Flipkart,11675.94,,upi ,SUCCESS,2026-04-17 08:28:01
TXN100126,,-11324.76,inr,UPI,FAILED,2026-05-15 23:12:01
TXN100116,Swiggy,14643.75,EUR,Net Banking,UNKNOWN,2026-06-02 14:28:01
TXN100473,Flipkart,36950.36,,UPI,FAILED,2026-05-14 19:07:01
TXN100708,Amazon,36245.5,INR,UPI,FAILED,2026-04-08 20:11:01
TXN100057,,43783.64,USD,Credit Card,SUCCESS,2026-05-24 07:44:01
TXN100689,Flipkart,21877.88,USD,Net Banking,UNKNOWN,2026-04-30 21:20:01
TXN100929,Paytm,45080.21,inr,UPI,PENDING,2026-05-30 14:06:02
TXN100369, Amazon ,6014.1,USD,UPI,UNKNOWN,2026-05-05 03:52:01
TXN100268,Amazon,42773.9,INR,upi , failed,2026-04-15 17:39:01
TXN100046,Paytm,3389.19,EUR,Wallet,UNKNOWN,2026-05-29 12:16:01
TXN100349,Swiggy,48738.92,USD,Debit Card,PENDING,2026-04-24 21:18:01
TXN100195,Flipkart,1435.43,USD,Credit Card,success ,2026-05-14 01:54:01
TXN100314, Amazon ,32781.22,EUR,upi ,success ,2026-06-04 02:46:01
TXN100851,,7142.92,INR,Credit Card,UNKNOWN,2026-05-09 09:06:02
TXN100706,Paytm,23768.34,USD,Wallet, failed,16-04-2026 19:53:01
TXN100752, Amazon ,10837.48,INR,Credit Card,UNKNOWN,2026-04-05 08:37:02
TXN100263,Paytm,8759.24,INR,Credit Card,UNKNOWN,2026-04-19 21:48:01
TXN100443,Zomato,8076.53,USD,Net Banking,FAILED,2026-06-03 09:47:01
TXN100958,Swiggy,25693.94,USD,Credit Card,SUCCESS,2026-05-12 20:17:02
TXN100304,Swiggy,48863.55,,upi ,PENDING,2026-04-12 03:20:01
TXN100341, Amazon ,40843.13,USD,UPI,success ,06-05-2026 09:33:01
TXN100613, Amazon ,44564.83,USD,upi , failed,2026-04-28 14:11:01
TXN100986,Paytm,36376.73,,Net Banking,SUCCESS,2026-04-07 19:16:02
TXN100149,Swiggy,21057.9,USD,upi ,PENDING,2026-04-23 07:03:01
TXN100124,Zomato,29064.77,INR,Wallet,FAILED,2026-04-16 05:17:01
TXN100802,Paytm,,INR,Wallet,SUCCESS,2026-06-11 00:37:02
TXN100869,Paytm,30260.67,EUR,Credit Card,UNKNOWN,2026-04-28 11:43:02
TXN100050,,44094.96,inr,UPI,FAILED,2026-04-07 04:06:01
TXN100353,,25744.75,,Credit Card,success ,21-04-2026 04:20:01
TXN100945,,-39973.97,USD,Wallet,success ,2026-05-26 23:06:02
TXN100142,Amazon,14870.21,EUR,upi ,PENDING,2026-05-14 00:50:01
TXN100470,Zomato,32564.88,,Credit Card,success ,2026-05-04 10:58:01
TXN100399,Paytm,27711.18,INR,UPI,success ,2026-06-01 05:28:01
TXN100716, Amazon ,31639.23,EUR,upi ,PENDING,2026-04-15 16:30:01
TXN100320,Swiggy,37053.81,,UPI,PENDING,2026-05-11 13:20:01
TXN100019,Amazon,25202.86,inr,Wallet,UNKNOWN,2026-05-03 08:06:01
TXN100826,Amazon,159.72,EUR,Net Banking,FAILED,2026-05-29 04:53:02
TXN100806, Amazon ,29785.13,inr,Net Banking,FAILED,2026-05-09 11:23:02
TXN100825,Zomato,4985.72,,Debit Card, failed,2026-06-05 21:24:02
TXN100407,,36034.72,,Wallet, failed,2026-04-24 09:07:01
TXN100537,Flipkart,33106.21,,upi ,FAILED,2026-04-05 18:47:01
TXN100635,Amazon,31790.62,EUR,Debit Card,success ,2026-05-24 02:27:01
TXN100038,Amazon,-19124.29,inr,Wallet,success ,2026-06-02 22:57:01
TXN100175,Paytm,48059.85,INR,Wallet,success ,2026-05-12 19:36:01
TXN100245,,10091.62,,UPI,PENDING,2026-04-08 10:12:01
TXN100845,Zomato,-42269.72,inr,upi ,FAILED,2026-04-21 07:20:02
TXN100682,,28654.05,EUR,Net Banking,success ,2026-04-26 10:21:01
TXN100770,Paytm,-46908.16,EUR,UPI,,27-04-2026 03:18:02
TXN100968,Swiggy,48434.16,EUR,UPI,FAILED,2026-05-21 03:12:02
TXN100154,,-13591.76,USD,Credit Card,PENDING,2026-06-07 12:51:01
TXN100287,Flipkart,1879.02,inr,upi ,PENDING,06-04-2026 05:36:01
TXN100617, Amazon ,8247.25,inr,Net Banking,PENDING,2026-04-30 04:30:01
TXN100569,Zomato,15682.02,USD,UPI,FAILED,2026-04-10 11:05:01
TXN100759,,27031.6,INR,Debit Card,success ,2026-04-10 23:41:02
TXN100017,Flipkart,45429.75,inr,Debit Card,UNKNOWN,2026-05-25 11:15:01
TXN100127,Zomato,4176.01,INR,Debit Card,FAILED,2026-05-24 12:31:01
TXN100322,,11160.66,EUR,Credit Card, failed,2026-05-17 18:40:01
TXN100255,Zomato,38060.51,,UPI,success ,2026-05-14 18:01:01
TXN100688,,3511.97,INR,UPI, failed,2026-05-28 11:27:01
TXN100984,,39918.98,inr,Debit Card,success ,2026-04-17 21:53:02
TXN100190,Swiggy,5857.62,,Credit Card,success ,2026-05-05 18:23:01
TXN100115,Zomato,31421.01,inr,Debit Card,PENDING,2026-05-23 01:26:01
TXN100631,,39123.51,EUR,upi ,SUCCESS,2026-04-26 20:07:01
TXN100606,,30856.72,INR,Wallet, failed,2026-05-08 00:44:01
TXN100180,Flipkart,26896.02,inr,Debit Card,UNKNOWN,2026-06-13 07:15:01
TXN100301,,44870.06,USD,Credit Card,UNKNOWN,2026-06-06 05:51:01
TXN100940, Amazon ,15793.34,INR,Wallet,FAILED,16-05-2026 16:08:02
TXN100728, Amazon ,17109.04,,Debit Card, failed,2026-04-23 21:19:01
TXN100739,Zomato,33895.8,inr,Credit Card,FAILED,2026-04-10 22:59:01
TXN100971, Amazon ,24690.46,inr,UPI,FAILED,13-05-2026 13:51:02
TXN100787,Zomato,34265.61,INR,UPI,UNKNOWN,2026-05-14 03:00:02
TXN100517, Amazon ,33719.33,,UPI,PENDING,2026-05-30 03:49:01
TXN100651,Swiggy,940.12,inr,Wallet,UNKNOWN,2026-05-15 05:24:01
TXN100045,Paytm,46407.69,inr,upi ,FAILED,2026-05-05 15:11:01
TXN100926,Swiggy,38064.07,,Wallet,success ,2026-04-10 15:19:02
TXN100157,Paytm,27401.31,EUR,Debit Card,UNKNOWN,2026-04-17 20:32:01
TXN100760,Amazon,32764.53,,Net Banking, failed,2026-04-05 13:23:02
TXN100171,Zomato,11282.0,,Net Banking, failed,13-04-2026 21:16:01
TXN100016,Amazon,25151.74,USD,UPI,SUCCESS,2026-06-09 19:57:01
TXN100511,Amazon,13779.04,,Debit Card, failed,2026-06-04 12:06:01
TXN100048,Paytm,,EUR,Wallet,SUCCESS,2026-04-08 05:30:01
TXN100991,,2740.13,INR,Net Banking,FAILED,2026-05-08 20:59:02
TXN100857,,8811.62,,UPI, failed,30-05-2026 08:06:02
TXN100515,Amazon,27153.61,EUR,Debit Card,,2026-05-16 22:50:01
TXN100911,Swiggy,43028.82,inr,UPI,FAILED,2026-05-26 23:09:02
TXN100480,,45294.75,,UPI,UNKNOWN,2026-05-16 11:33:01
TXN100283,Paytm,35262.81,,Credit Card,SUCCESS,2026-04-18 18:47:01
TXN100734,Zomato,25899.94,,Credit Card,UNKNOWN,2026-05-28 17:27:01
TXN100669,Zomato,7688.64,inr,upi ,PENDING,2026-06-04 23:21:01
TXN100225,Flipkart,11595.06,,Credit Card,SUCCESS,2026-04-22 07:13:01
TXN100026,Swiggy,43116.87,,Credit Card,SUCCESS,2026-05-04 18:19:01
TXN100798,Paytm,438.16,,Credit Card,success ,2026-06-04 20:00:02
TXN100437,Amazon,25737.36,EUR,upi ,PENDING,2026-05-28 07:11:01
TXN100969,Flipkart,14077.22,INR,Credit Card,UNKNOWN,2026-05-16 06:24:02
TXN100364,Zomato,6791.5,USD,Debit Card, failed,2026-05-07 19:08:01
TXN100229,,20388.87,INR,Debit Card, failed,2026-04-28 16:49:01
TXN100037,Amazon,32648.51,EUR,Debit Card, failed,23-05-2026 05:17:01
TXN100985, Amazon ,13172.67,INR,Credit Card,FAILED,2026-05-11 00:11:02
TXN100374,Flipkart,5098.67,USD,Net Banking,success ,2026-05-02 05:17:01
TXN100469, Amazon ,12039.04,EUR,Credit Card, failed,2026-04-24 12:07:01
TXN100987,Swiggy,33009.28,,upi ,PENDING,2026-04-30 14:15:02
TXN100867,Amazon,37006.91,EUR,upi , failed,2026-04-12 12:24:02
TXN100908, Amazon ,3697.63,EUR,upi ,success ,2026-04-21 19:53:02
TXN100741,Flipkart,13722.24,inr,Credit Card,success ,2026-05-15 22:37:01
TXN100194,,40777.53,,upi ,SUCCESS,2026-05-04 15:28:01
TXN100934,Zomato,-5772.08,inr,UPI,,2026-04-28 19:06:02
TXN100881,,11835.85,EUR,Debit Card,PENDING,2026-05-18 15:02:02
TXN100503,,12640.12,,Debit Card,FAILED,2026-05-10 08:47:01
TXN100989,Zomato,21316.09,EUR,upi ,success ,11-05-2026 00:08:02
TXN100847,Amazon,-29760.02,inr,UPI,SUCCESS,2026-06-01 21:00:02
TXN100579,,12907.27,inr,Credit Card,UNKNOWN,2026-05-01 12:41:01
TXN100988,Flipkart,13507.27,INR,Credit Card,FAILED,2026-06-07 08:36:02
TXN100162,Swiggy,49775.41,EUR,upi , failed,2026-05-30 06:20:01
TXN100717,Flipkart,15771.58,,upi ,UNKNOWN,2026-04-30 14:43:01
TXN100152,Flipkart,21104.65,inr,Debit Card,PENDING,2026-04-06 13:34:01
TXN100696,,14127.98,USD,UPI,FAILED,2026-04-30 08:29:01
TXN100715, Amazon ,276.27,USD,Net Banking,success ,2026-04-14 09:14:01
TXN100928,,47944.13,EUR,Net Banking,FAILED,2026-04-27 14:31:02
TXN100111,,15123.99,USD,Credit Card,UNKNOWN,2026-05-16 04:47:01
TXN100226,Amazon,13605.66,inr,Net Banking,UNKNOWN,2026-06-13 08:54:01
TXN100703,Paytm,19558.64,EUR,UPI,FAILED,2026-05-04 09:46:01
TXN100103,Paytm,11925.47,INR,Wallet,PENDING,2026-04-05 05:32:01
TXN100421,Paytm,5072.28,INR,UPI,PENDING,2026-05-27 09:08:01
TXN100419,Amazon,14593.93,USD,Debit Card,SUCCESS,2026-06-07 14:58:01
TXN100848,Swiggy,43531.72,inr,Credit Card, failed,2026-05-08 05:18:02
TXN100586,,48884.96,inr,upi ,success ,2026-04-07 14:43:01
TXN100796,Zomato,26036.32,inr,Credit Card,UNKNOWN,2026-05-08 21:21:02
TXN100672,Amazon,14349.96,EUR,Debit Card,UNKNOWN,2026-06-02 20:15:01
TXN100119,Flipkart,8991.45,inr,UPI,success ,2026-04-19 16:55:01
TXN100053,Flipkart,26073.27,EUR,Net Banking,UNKNOWN,2026-05-07 11:15:01
TXN100151,Swiggy,5873.2,USD,Net Banking, failed,2026-05-23 13:47:01
TXN100403, Amazon ,37495.27,EUR,Credit Card, failed,2026-04-09 20:52:01
TXN100963, Amazon ,7737.56,INR,Credit Card,success ,2026-05-27 21:28:02
TXN100207,Zomato,37928.68,inr,Net Banking,SUCCESS,2026-04-20 15:45:01
TXN100658,Flipkart,18340.44,USD,upi ,UNKNOWN,2026-04-15 03:20:01
TXN100103,Paytm,11925.47,INR,Wallet,PENDING,2026-04-05 05:32:01
TXN100778, Amazon ,26148.43,inr,UPI,PENDING,2026-05-13 02:50:02
TXN100008,Swiggy,4727.92,USD,Net Banking,UNKNOWN,2026-05-11 22:19:01
TXN100824,Zomato,37715.21,EUR,Debit Card,UNKNOWN,2026-05-30 10:26:02
TXN100036,,44851.91,INR,Net Banking,PENDING,2026-06-09 16:00:01
TXN100452,,34805.69,inr,UPI,FAILED,2026-06-02 03:52:01
TXN100651,Swiggy,940.12,inr,Wallet,UNKNOWN,2026-05-15 05:24:01
TXN100253,Paytm,25532.6,inr,upi , failed,2026-04-26 21:24:01
TXN100303,Amazon,10844.28,inr,Net Banking,FAILED,2026-05-01 06:48:01
TXN100762,Swiggy,41120.48,,upi ,success ,08-06-2026 19:30:02
TXN100571, Amazon ,23305.48,EUR,Credit Card,UNKNOWN,2026-06-04 21:03:01
TXN100623,Paytm,7023.92,,UPI,FAILED,2026-05-21 09:45:01
TXN100858,Flipkart,3213.53,EUR,Wallet,UNKNOWN,2026-05-08 00:45:02
TXN100758,Swiggy,14645.19,EUR,Net Banking,FAILED,2026-04-13 01:25:02
TXN100262,,13911.15,EUR,Debit Card, failed,2026-04-12 04:23:01
TXN100610, Amazon ,29639.68,EUR,Debit Card,,2026-05-05 16:08:01
TXN100297,Flipkart,24298.81,,UPI,PENDING,2026-04-10 01:22:01
TXN100414,Swiggy,46489.32,INR,Debit Card,success ,2026-05-12 22:17:01
TXN100150, Amazon ,5831.31,EUR,upi ,UNKNOWN,2026-04-18 05:58:01
TXN100861, Amazon ,30581.36,,Wallet,SUCCESS,2026-04-27 02:59:02
TXN100640, Amazon ,21947.21,INR,Debit Card,FAILED,2026-04-20 02:46:01
TXN100906, Amazon ,,EUR,Debit Card,SUCCESS,13-05-2026 23:38:02
TXN100550,Zomato,45147.87,inr,UPI,UNKNOWN,2026-04-05 10:11:01
TXN100807,Swiggy,28227.49,,Net Banking,UNKNOWN,07-05-2026 21:16:02
TXN100488,Amazon,876.55,inr,UPI,FAILED,2026-06-10 03:11:01
TXN100710,Swiggy,-481.33,INR,Credit Card,PENDING,2026-04-25 13:08:01
TXN100147, Amazon ,18168.91,INR,Credit Card,SUCCESS,06-05-2026 21:17:01
TXN100146,Swiggy,15085.74,inr,Debit Card, failed,2026-04-16 04:11:01
TXN100736,,47795.87,,Wallet,UNKNOWN,2026-04-10 03:34:01
TXN100949, Amazon ,37383.41,EUR,UPI,UNKNOWN,2026-05-23 02:16:02
TXN100755,Swiggy,42863.35,EUR,upi ,SUCCESS,2026-05-19 01:24:02
TXN100659,Swiggy,-8740.73,INR,Debit Card,PENDING,2026-04-12 21:00:01
TXN100348,Paytm,11636.95,INR,Net Banking,UNKNOWN,2026-05-06 10:43:01
TXN100463,,7592.87,INR,Credit Card,PENDING,2026-04-19 06:26:01
TXN100325,Paytm,39915.66,INR,Credit Card,success ,2026-04-23 14:11:01
TXN100186,Amazon,45471.66,EUR,Credit Card,PENDING,2026-06-09 08:43:01
TXN100123,Amazon,-35419.82,inr,Debit Card,PENDING,15-05-2026 20:53:01
TXN100870,Flipkart,32320.69,USD,Net Banking,SUCCESS,09-05-2026 18:09:02
TXN100608,Paytm,31265.65,USD,upi ,FAILED,2026-05-18 13:03:01
TXN100143,Paytm,28171.74,EUR,Net Banking,PENDING,2026-04-27 14:04:01
TXN100978,Swiggy,24695.85,USD,upi ,UNKNOWN,2026-04-26 21:16:02
TXN100197,Paytm,-25998.02,,UPI,,2026-05-18 02:50:01
TXN100609,Paytm,47829.89,EUR,Debit Card,UNKNOWN,2026-04-08 15:24:01
TXN100279,Amazon,,,Net Banking,SUCCESS,2026-05-04 08:06:01
TXN100293,Amazon,-25002.68,inr,UPI,UNKNOWN,2026-06-07 08:48:01
TXN100400,Zomato,7335.28,inr,Debit Card,SUCCESS,2026-04-20 08:19:01
TXN100122, Amazon ,6900.01,,Net Banking,FAILED,2026-04-27 22:42:01
TXN100183,Paytm,,inr,Net Banking,SUCCESS,2026-05-16 17:06:01
TXN100202,Zomato,44884.92,inr,Debit Card,PENDING,2026-05-11 00:07:01
TXN100438,Flipkart,13426.73,,upi ,SUCCESS,2026-05-01 02:33:01
TXN100246,Paytm,3837.48,INR,Debit Card,FAILED,2026-04-26 16:17:01
TXN100415,Amazon,20450.22,EUR,Net Banking,success ,2026-06-11 04:08:01
TXN100792,,,inr,Net Banking,FAILED,2026-05-24 06:18:02
TXN100781,Paytm,28560.29,,upi ,,2026-04-08 16:13:02
TXN100923,Zomato,28239.86,EUR,Credit Card,success ,2026-05-18 22:34:02
TXN100784,Zomato,19730.07,,Net Banking,SUCCESS,2026-05-02 05:51:02
TXN100904,,43101.76,inr,Net Banking, failed,2026-05-16 01:12:02
TXN100129,,45583.58,,Credit Card,FAILED,2026-05-08 23:22:01
TXN100637,Flipkart,44265.53,,Credit Card,UNKNOWN,2026-04-27 20:18:01
TXN100402,Zomato,40214.47,EUR,Credit Card,PENDING,2026-05-09 11:36:01
TXN100800,Flipkart,16391.44,,Wallet,UNKNOWN,2026-04-24 10:57:02
TXN100786,Flipkart,41265.43,,Net Banking,success ,2026-05-15 18:37:02
TXN100735,Zomato,1309.45,EUR,Debit Card,UNKNOWN,2026-04-16 16:50:01
TXN100930,Amazon,592.24,inr,Net Banking,UNKNOWN,2026-05-15 08:08:02
TXN100219,Zomato,28849.25,USD,Debit Card,UNKNOWN,2026-05-02 17:03:01
TXN100641,Flipkart,37079.16,,Net Banking,UNKNOWN,2026-05-31 13:36:01
TXN100932,Flipkart,31546.66,inr,Debit Card,success ,2026-05-09 09:28:02
TXN100852,Zomato,12430.27,USD,Credit Card,success ,2026-04-29 10:16:02
TXN100823,Flipkart,34785.27,INR,upi ,UNKNOWN,2026-04-08 01:14:02
TXN100937,Zomato,43215.51,inr,Credit Card,SUCCESS,2026-04-21 21:46:02
TXN100624,Paytm,28780.62,USD,UPI,PENDING,2026-06-11 20:43:01
TXN100855,,14693.34,EUR,Wallet, failed,2026-04-13 08:23:02
TXN100950,Zomato,29570.65,inr,Credit Card,FAILED,2026-05-23 13:27:02
TXN100386,Flipkart,13836.99,USD,Wallet,SUCCESS,2026-05-09 16:21:01
TXN100992,Zomato,18821.03,inr,Credit Card,FAILED,2026-06-06 08:26:02
TXN100509,Swiggy,14800.26,inr,Wallet,PENDING,2026-04-28 07:09:01
TXN100267, Amazon ,17352.01,,Net Banking,PENDING,2026-05-01 18:17:01
TXN100836,,6381.63,INR,Debit Card,SUCCESS,2026-04-12 16:28:02
TXN100441,Flipkart,37503.64,,Debit Card,UNKNOWN,2026-04-14 03:49:01
TXN100496, Amazon ,43964.98,INR,Credit Card, failed,2026-05-31 21:13:01
TXN100112,Zomato,44734.21,,upi ,PENDING,2026-06-03 01:47:01
TXN100691,Zomato,43776.79,USD,Credit Card,UNKNOWN,2026-04-26 15:55:01
TXN100232, Amazon ,20326.61,inr,Debit Card,SUCCESS,2026-04-19 12:01:01
TXN100886,Flipkart,1681.01,inr,UPI, failed,2026-04-30 21:25:02
TXN100607,Zomato,19730.81,,Debit Card, failed,2026-04-25 21:46:01
TXN100671,Amazon,21207.4,EUR,upi ,PENDING,2026-05-24 01:59:01
TXN100373,,40550.66,USD,Wallet, failed,2026-04-07 21:38:01
TXN100844,Amazon,13961.8,INR,Debit Card,success ,26-05-2026 20:51:02
TXN100859,Paytm,17345.44,EUR,Debit Card,PENDING,2026-05-08 05:22:02
TXN100233,Paytm,42873.88,,Net Banking,SUCCESS,2026-04-21 19:25:01
TXN100801, Amazon ,,inr,upi ,SUCCESS,2026-04-09 07:23:02
TXN100676,Paytm,25908.67,USD,Net Banking,SUCCESS,2026-05-28 18:07:01
TXN100317,Swiggy,9059.69,,Net Banking,SUCCESS,2026-05-18 18:53:01
TXN100648, Amazon ,40000.54,USD,UPI,FAILED,2026-06-04 06:06:01
TXN100410,Flipkart,13614.13,inr,Credit Card,SUCCESS,23-04-2026 17:03:01
TXN100915,Swiggy,15132.1,USD,Credit Card,success ,2026-05-15 04:25:02
TXN100709,Swiggy,34353.65,,Net Banking,SUCCESS,2026-05-05 19:05:01
TXN100358,Amazon,-12336.42,INR,upi ,PENDING,2026-06-08 21:15:01
TXN100258,Swiggy,48918.61,USD,UPI,success ,11-05-2026 19:36:01
TXN100744,Zomato,34991.68,inr,Wallet,FAILED,2026-05-22 13:49:01
TXN100627,Flipkart,31417.21,inr,Net Banking, failed,2026-05-19 11:55:01
TXN100632,Paytm,25119.46,,UPI,SUCCESS,2026-04-16 05:25:01
TXN100282,,27849.94,EUR,Net Banking,UNKNOWN,2026-04-26 21:04:01
TXN100376,Swiggy,15799.89,USD,upi ,SUCCESS,06-05-2026 23:37:01
TXN100384,Swiggy,11977.9,,upi , failed,2026-04-19 13:53:01
TXN100224,Flipkart,19273.54,EUR,Debit Card,,2026-04-11 06:26:01
TXN100973,Flipkart,46824.9,inr,Debit Card, failed,2026-04-15 03:40:02
TXN100965,Paytm,21872.36,EUR,Credit Card,UNKNOWN,2026-04-23 12:12:02
TXN100472,Amazon,26784.45,,upi ,PENDING,2026-05-04 13:24:01
TXN100347,Paytm,3885.18,USD,Credit Card,PENDING,2026-05-29 08:21:01
TXN100505,Paytm,39651.78,,Debit Card,success ,2026-06-02 07:17:01
TXN100639,Paytm,4150.86,USD,Debit Card, failed,05-06-2026 21:49:01
TXN100749,,19965.58,,Net Banking,success ,2026-05-18 01:51:02
TXN100797,,30394.75,INR,UPI,SUCCESS,2026-06-08 10:10:02
TXN100946,Paytm,12795.1,inr,Net Banking,success ,2026-05-24 16:34:02
TXN100922,Zomato,14488.57,inr,Wallet,success ,2026-05-28 12:36:02
TXN100619,Zomato,6449.75,inr,Wallet,SUCCESS,2026-05-30 18:59:01
TXN100872,Paytm,14370.64,USD,UPI, failed,2026-05-08 17:08:02
TXN100820,Amazon,5582.9,EUR,UPI,FAILED,16-04-2026 20:58:02
TXN100645,Amazon,24142.73,INR,upi ,success ,12-04-2026 02:23:01
TXN100863, Amazon ,25453.29,,UPI, failed,2026-05-26 00:34:02
TXN100556,Flipkart,24120.25,inr,Credit Card,success ,2026-05-17 19:05:01
TXN100977,,7462.96,inr,Credit Card,success ,2026-06-13 03:49:02
TXN100577,Swiggy,47818.46,USD,UPI, failed,2026-06-09 05:41:01
TXN100795,Paytm,24393.1,INR,UPI,success ,2026-05-18 04:09:02
TXN100085,Paytm,14296.56,inr,Credit Card,PENDING,2026-05-28 00:58:01
TXN100242,Zomato,40414.93,,upi ,,2026-04-28 02:55:01
TXN100698,Flipkart,3758.6,,upi , failed,2026-05-13 19:02:01
TXN100159,Amazon,8866.66,inr,UPI,success ,2026-06-08 04:59:01
TXN100524,Zomato,3205.81,INR,upi , failed,2026-05-11 14:45:01
TXN100035,Flipkart,12973.9,INR,Credit Card,FAILED,31-05-2026 17:40:01
TXN100540,,3120.72,inr,upi , failed,2026-05-24 12:07:01
TXN100170,Flipkart,23115.22,EUR,upi ,SUCCESS,2026-05-04 04:04:01
TXN100654,Swiggy,13844.87,USD,Wallet, failed,2026-04-20 04:28:01
TXN100907,Swiggy,22617.74,,Net Banking,SUCCESS,2026-06-09 20:16:02
TXN100874, Amazon ,22904.19,USD,UPI,UNKNOWN,19-05-2026 15:10:02
TXN100864, Amazon ,12567.34,EUR,Wallet,PENDING,2026-05-12 00:57:02
TXN100962,Zomato,19786.18,inr,Net Banking,FAILED,2026-05-06 14:26:02
TXN100733,,34503.25,inr,UPI,SUCCESS,11-04-2026 05:43:01
TXN100095,Zomato,,,Wallet,SUCCESS,2026-06-01 12:37:01
TXN100563,Amazon,17139.71,inr,upi ,FAILED,2026-05-30 18:45:01
TXN100240,Paytm,14016.48,,upi , failed,2026-06-03 23:37:01
TXN100742,,48467.82,EUR,upi , failed,27-05-2026 22:29:01
TXN100574,Zomato,46320.35,USD,UPI,UNKNOWN,2026-05-12 04:19:01
TXN100690, Amazon ,28384.92,EUR,Credit Card,SUCCESS,2026-05-24 20:28:01
TXN100460, Amazon ,39153.56,INR,upi ,SUCCESS,09-06-2026 13:21:01
TXN100553,Flipkart,35821.48,inr,Credit Card,SUCCESS,2026-04-14 19:08:01
TXN100895, Amazon ,17863.03,INR,upi ,FAILED,16-04-2026 20:59:02
TXN100206,Swiggy,18515.82,,Wallet,success ,2026-04-27 06:18:01
TXN100392,Zomato,3791.84,,Wallet,success ,2026-05-20 17:56:01
TXN100794,Zomato,-40539.11,EUR,Credit Card,FAILED,2026-05-08 07:03:02
TXN100397,Flipkart,34867.17,USD,upi ,UNKNOWN,2026-05-10 15:29:01
TXN100766,Zomato,14981.25,USD,Wallet,PENDING,2026-05-30 02:11:02
TXN100865,Flipkart,44559.9,INR,Net Banking, failed,2026-05-21 19:31:02
TXN100217,Zomato,46032.76,USD,Credit Card,PENDING,2026-05-10 01:42:01
TXN100004,Paytm,7339.82,EUR,Wallet,PENDING,22-04-2026 00:01:01
TXN100768,Flipkart,37485.42,EUR,Net Banking,success ,2026-04-16 17:06:02
TXN100642,Amazon,2908.77,inr,Net Banking,FAILED,2026-05-08 09:22:01
TXN100914,Paytm,7587.92,,Wallet, failed,2026-05-09 10:36:02
TXN100612,Paytm,20979.33,USD,Net Banking,UNKNOWN,2026-05-17 10:37:01
TXN100738,Swiggy,16757.15,INR,Net Banking,FAILED,2026-06-03 06:20:01
TXN100546,Swiggy,19790.64,inr,Wallet,SUCCESS,2026-05-10 17:04:01
TXN100725, Amazon ,33652.1,,Credit Card,SUCCESS,2026-04-10 13:06:01
TXN100683,Swiggy,11283.84,USD,UPI, failed,2026-05-10 09:52:01
TXN100098,Flipkart,25302.62,inr,Debit Card,FAILED,2026-04-28 00:55:01
TXN100804,Swiggy,17834.93,EUR,Debit Card,PENDING,05-05-2026 08:50:02
TXN100727,Zomato,15227.86,USD,Debit Card, failed,2026-04-30 14:53:01
TXN100573,Flipkart,12995.55,,Debit Card,UNKNOWN,03-06-2026 18:06:01
TXN100406,Zomato,23708.88,inr,UPI,UNKNOWN,2026-04-05 03:01:01
TXN100502,,45654.68,INR,Wallet,SUCCESS,2026-05-03 20:38:01
TXN100047,Zomato,1475.22,INR,Credit Card,UNKNOWN,2026-04-14 08:55:01
TXN100032,Amazon,17791.18,INR,UPI,SUCCESS,2026-06-12 15:56:01
TXN100779,,3576.48,EUR,UPI,FAILED,09-06-2026 00:11:02
TXN100839,,3666.51,inr,Wallet,UNKNOWN,11-04-2026 03:12:02
TXN100200,,21970.83,,Credit Card,PENDING,2026-05-25 10:06:01
TXN100134, Amazon ,34002.91,USD,Wallet,UNKNOWN,2026-06-06 13:18:01
TXN100027,Paytm,2537.89,INR,Net Banking,FAILED,2026-05-28 01:29:01
TXN100947,Amazon,45027.03,EUR,Debit Card,SUCCESS,2026-04-16 01:54:02
TXN100230,Swiggy,30693.77,INR,Net Banking, failed,2026-04-20 07:25:01
TXN100489,Paytm,4168.91,inr,Net Banking,SUCCESS,2026-04-23 07:57:01
TXN100772,Flipkart,15314.38,USD,Wallet, failed,2026-04-21 11:45:02
TXN100378,Flipkart,27744.87,,Net Banking,SUCCESS,2026-04-26 06:32:01
TXN100288, Amazon ,41779.02,USD,Debit Card,PENDING,2026-04-24 01:52:01
TXN100418,Paytm,29116.79,inr,UPI, failed,2026-04-26 22:12:01
TXN100674,,33218.21,INR,upi ,SUCCESS,2026-04-26 19:51:01
TXN100391,Swiggy,46762.39,EUR,Credit Card,UNKNOWN,2026-05-29 07:24:01
TXN100592,Paytm,15253.97,EUR,Wallet,PENDING,2026-04-15 18:32:01
TXN100498,Flipkart,33663.85,inr,Credit Card,,2026-05-11 10:55:01
TXN100138,Amazon,8247.32,EUR,Net Banking, failed,2026-05-08 08:01:01
TXN100062,Paytm,30235.02,INR,Net Banking,success ,2026-05-11 12:06:01
TXN100471,Zomato,14683.9,inr,upi ,PENDING,2026-06-02 20:54:01
TXN100647,Zomato,4489.99,,Net Banking,FAILED,2026-04-20 23:53:01
TXN100128,,38648.53,,Credit Card,UNKNOWN,2026-04-20 04:46:01
TXN100996,Amazon,49098.32,,Net Banking,FAILED,2026-05-11 02:08:02
TXN100520,Swiggy,10010.39,EUR,Debit Card, failed,2026-06-08 00:07:01
TXN100838,Amazon,41327.08,INR,Net Banking,UNKNOWN,2026-05-28 09:34:02
TXN100982,Amazon,38639.29,EUR,UPI,FAILED,2026-04-29 19:25:02
TXN100064, Amazon ,22878.92,inr,Net Banking,success ,2026-05-07 06:13:01
TXN100812, Amazon ,25515.99,,Wallet, failed,2026-05-27 00:16:02
TXN100014,Swiggy,39253.94,EUR,UPI,PENDING,2026-04-15 05:02:01
TXN100156,Swiggy,9151.18,EUR,Wallet,UNKNOWN,2026-05-25 10:12:01
TXN100040,Swiggy,15602.22,EUR,UPI,FAILED,2026-05-15 17:06:01
TXN100492,Zomato,23594.18,USD,UPI,UNKNOWN,2026-04-07 21:44:01
TXN100379, Amazon ,29661.94,EUR,UPI, failed,2026-04-06 12:56:01
TXN100187,Paytm,18963.13,USD,Credit Card,FAILED,2026-05-24 11:37:01
TXN100763,Flipkart,29825.47,USD,Net Banking, failed,2026-06-05 03:39:02
TXN100216,Amazon,25014.96,,UPI,UNKNOWN,2026-04-12 16:11:01
TXN100791,Amazon,17847.67,inr,Credit Card,UNKNOWN,2026-04-17 17:26:02
TXN100052,,46142.87,inr,Net Banking,success ,2026-05-17 12:20:01
TXN100878,Flipkart,36332.3,inr,upi ,PENDING,2026-04-14 18:50:02
TXN100337, Amazon ,19268.89,USD,UPI,SUCCESS,2026-05-24 18:24:01
TXN100748,Swiggy,36852.18,,UPI, failed,2026-05-07 08:32:02
TXN100719,Paytm,48098.42,inr,Credit Card,SUCCESS,2026-05-20 00:54:01
TXN100724,Zomato,5614.49,USD,Wallet,FAILED,2026-04-23 02:20:01
TXN100295,Zomato,2273.13,,UPI,,2026-04-15 22:06:01
TXN100701,Flipkart,35914.55,inr,upi ,SUCCESS,2026-04-27 22:19:01
TXN100251, Amazon ,44238.33,,upi ,success ,2026-04-25 03:07:01
TXN100726,Paytm,7689.82,INR,UPI,SUCCESS,28-04-2026 03:46:01
TXN100461,Zomato,1420.43,EUR,upi ,SUCCESS,2026-05-25 11:41:01
TXN100455,Zomato,5118.12,,Credit Card,SUCCESS,01-06-2026 23:46:01
TXN100298,Swiggy,29515.96,EUR,UPI,PENDING,2026-05-26 08:14:01
TXN100815, Amazon ,23458.23,EUR,Net Banking, failed,2026-05-08 12:52:02
TXN100862,,15991.9,INR,Debit Card,FAILED,2026-04-06 04:53:02
TXN100269,Zomato,31781.59,INR,Credit Card,SUCCESS,25-04-2026 17:49:01
TXN100201,Paytm,21624.15,INR,Net Banking,PENDING,2026-06-01 01:18:01
TXN100161,,30626.39,inr,UPI,SUCCESS,08-05-2026 08:42:01
TXN100555,Flipkart,12625.6,INR,Wallet,success ,2026-04-28 18:00:01
TXN100729,Zomato,20491.22,EUR,Credit Card,UNKNOWN,06-06-2026 10:16:01
TXN100401,Amazon,42033.85,INR,Wallet,success ,2026-04-15 15:42:01
TXN100702,,20166.99,EUR,Net Banking,FAILED,2026-04-07 09:44:01
TXN100476,,,EUR,Debit Card,PENDING,05-06-2026 01:35:01
TXN100821,Swiggy,8172.67,,upi ,PENDING,2026-04-30 04:26:02
TXN100771, Amazon ,11838.7,INR,Net Banking,PENDING,2026-05-08 04:42:02
TXN100105,Zomato,39246.8,,Wallet,UNKNOWN,2026-04-21 13:55:01
TXN100565,Flipkart,8712.69,INR,Credit Card,success ,2026-06-08 11:56:01
TXN100389,Paytm,19456.11,,Credit Card,UNKNOWN,2026-05-10 17:34:01
TXN100001,Amazon,13639.56,EUR,upi ,UNKNOWN,2026-05-19 05:11:01
TXN100990,Zomato,16456.49,EUR,Credit Card, failed,2026-04-25 11:19:02
TXN100071,Amazon,26768.4,,Wallet,PENDING,2026-04-26 10:00:01
TXN100561, Amazon ,45703.47,EUR,UPI,SUCCESS,2026-05-22 01:38:01
TXN100931, Amazon ,13488.88,,Wallet,FAILED,2026-04-13 11:18:02
TXN100080,Amazon,1183.23,INR,UPI,UNKNOWN,2026-05-04 01:30:01
TXN100205, Amazon ,31318.4,USD,Debit Card, failed,2026-05-22 04:36:01
TXN100034, Amazon ,42585.98,USD,upi , failed,2026-05-19 01:49:01
TXN100775,,16061.85,EUR,upi ,UNKNOWN,07-06-2026 06:13:02
TXN100508,Swiggy,15869.04,USD,Credit Card,SUCCESS,2026-05-05 23:42:01
TXN100427,Paytm,13852.54,inr,UPI,success ,2026-04-07 07:43:01
TXN100454,Swiggy,48864.98,inr,Credit Card, failed,2026-05-13 10:02:01
TXN100366,Amazon,15027.48,inr,upi ,FAILED,2026-05-19 13:39:01
TXN100091, Amazon ,29498.35,EUR,Credit Card,success ,2026-05-26 10:01:01
TXN100339, Amazon ,38816.2,EUR,UPI, failed,2026-05-16 21:36:01
TXN100897, Amazon ,37664.43,inr,Debit Card,SUCCESS,2026-05-16 10:45:02
TXN100564, Amazon ,10117.73,USD,UPI,UNKNOWN,2026-04-15 18:16:01
TXN100345,,-39809.16,USD,Wallet,UNKNOWN,2026-05-22 12:18:01
TXN100776,Amazon,1360.55,EUR,upi , failed,2026-05-09 23:52:02
TXN100241, Amazon ,43633.7,inr,Wallet,success ,2026-04-10 23:23:01
TXN100013,Flipkart,12272.64,,Net Banking,success ,2026-05-31 01:48:01
TXN100315,Zomato,15497.72,,UPI,PENDING,2026-04-28 22:29:01
TXN100600,Paytm,8169.74,,upi ,success ,2026-04-13 13:04:01
TXN100387,,25646.23,inr,Net Banking,success ,2026-05-09 09:36:01
TXN100273,,33464.02,,Debit Card,success ,2026-04-06 02:25:01
TXN100166,,-12149.85,,UPI,SUCCESS,2026-05-03 14:25:01
TXN100840,,13689.09,INR,Credit Card,UNKNOWN,2026-04-17 20:39:02
TXN100849,,18592.63,INR,Wallet,PENDING,2026-05-02 19:02:02
TXN100646,Amazon,28933.03,INR,Credit Card,FAILED,2026-05-29 20:29:01
TXN100818,Flipkart,13578.77,USD,UPI,success ,10-05-2026 16:40:02
TXN100484,Swiggy,2117.06,,UPI,success ,2026-04-07 00:02:01
TXN100184, Amazon ,13795.42,EUR,Credit Card,FAILED,2026-06-09 04:14:01
TXN100504,,34254.35,USD,Wallet,SUCCESS,2026-04-21 15:21:01
TXN100831,Zomato,43366.16,inr,Credit Card,FAILED,2026-04-19 03:48:02
TXN100243,Amazon,-1739.05,EUR,Net Banking,UNKNOWN,2026-06-13 08:58:01
TXN100566,Paytm,11264.45,,upi ,success ,2026-05-26 18:25:01
TXN100875,Amazon,34501.33,INR,upi ,UNKNOWN,22-04-2026 00:58:02
TXN100562,,28269.23,USD,Net Banking,PENDING,2026-06-08 17:39:01
TXN100972,Amazon,24245.28,EUR,upi ,success ,29-04-2026 02:16:02
TXN100686,Amazon,18517.5,inr,upi ,PENDING,2026-05-08 01:29:01
TXN100957, Amazon ,49829.6,,Credit Card,success ,2026-04-28 12:29:02
TXN100189,Swiggy,24017.89,INR,Net Banking,UNKNOWN,2026-04-11 21:07:01
TXN100782, Amazon ,13421.15,EUR,Credit Card,PENDING,13-04-2026 12:55:02
TXN100699, Amazon ,,USD,Credit Card,success ,2026-06-07 15:57:01
TXN100475,Zomato,46951.91,EUR,Debit Card,PENDING,2026-06-13 01:06:01
TXN100681,Paytm,-49791.79,,Credit Card, failed,2026-04-13 07:29:01
TXN100510, Amazon ,14239.85,inr,UPI,SUCCESS,2026-06-05 10:00:01
TXN100058,,-24834.8,USD,Wallet,SUCCESS,2026-04-23 16:14:01
TXN100474,Amazon,21618.22,INR,Net Banking,FAILED,2026-04-22 04:35:01
TXN100560,Amazon,3722.17,inr,upi ,PENDING,2026-06-08 07:17:01
TXN100856,,33910.17,EUR,UPI,SUCCESS,14-04-2026 06:02:02
TXN100747,Amazon,47782.0,INR,UPI, failed,2026-05-21 22:22:02
TXN100252,Amazon,19675.67,inr,Wallet, failed,2026-05-15 01:27:01
TXN100021,Amazon,607.82,USD,Credit Card,PENDING,2026-04-27 21:56:01
TXN100313,Amazon,48203.76,inr,Wallet, failed,2026-05-27 15:24:01
TXN100459,Amazon,16332.05,USD,Net Banking, failed,2026-05-20 09:36:01
TXN100160,Paytm,48579.08,INR,Debit Card,FAILED,2026-05-31 15:56:01
TXN100276,Swiggy,29838.43,,Debit Card,success ,2026-04-14 18:27:01
TXN100955, Amazon ,48913.61,INR,Wallet,FAILED,2026-05-30 12:16:02
TXN100191, Amazon ,44448.07,USD,Net Banking,PENDING,2026-06-02 13:27:01
TXN100385,,49965.49,EUR,Wallet,SUCCESS,2026-04-13 02:18:01
TXN100805,Paytm,14815.47,USD,UPI, failed,2026-06-12 06:27:02
TXN100413,Zomato,34983.05,,Credit Card,PENDING,2026-06-04 13:23:01
TXN100491,,-8374.14,EUR,Wallet,success ,2026-04-05 12:45:01
TXN100343,Zomato,35316.04,INR,Debit Card,UNKNOWN,2026-05-07 06:13:01
TXN100769,Zomato,1469.39,USD,upi ,FAILED,2026-04-28 14:51:02
TXN100308,Swiggy,24677.29,inr,Debit Card,UNKNOWN,2026-05-18 20:08:01
TXN100661,Paytm,34996.74,inr,Debit Card,FAILED,28-05-2026 22:08:01
